gene,ensembl_id,log2FoldChange,lfcSE,ci_low,ci_high,padj,significant,edger_logFC,edger_FDR
Arc,ENSMUSG00000022602.14,0.417736685961735,0.091881822501919,0.2376483138579738,0.5978250580654962,0.0004669394432866,True,0.373973135218931,0.0146053719957517
Nr4a1,ENSMUSG00000023034.6,0.3321980301937231,0.1032220819397083,0.12988274959189486,0.5345133107955514,0.0271463335170393,True,0.400473764841598,0.0603999517871747
Bdnf,ENSMUSG00000048482.14,-0.1907825912032749,0.045840705351643,-0.28063037369249516,-0.10093480871405462,0.0018144392600926,True,-0.221495254229604,0.007189541241367
Creb1,ENSMUSG00000025958.14,0.1645403335089299,0.0318597660647015,0.10209519202211498,0.22698547499574484,3.871114997566281e-05,True,0.124064816080709,0.0160356812721658
Camk2a,ENSMUSG00000024617.16,-0.0783582920393671,0.0459600578022392,-0.16844000533175593,0.011723421253021726,0.3436799736980621,False,-0.13365046272398,0.686394870914694
Prkaca,ENSMUSG00000005469.10,-0.0237581316717661,0.0329322531047682,-0.08830534775711178,0.04078908441357958,0.7479245556184873,False,-0.0141661128707369,0.850239009543891
Homer1,ENSMUSG00000007617.18,0.1157223625131157,0.0621018610402716,-0.00599728512581664,0.23744201015204802,0.2836406607982826,False,0.0861027524466877,0.498515570196186
Cirbp,ENSMUSG00000045193.13,-0.5203468600660875,0.0517706202908909,-0.6218172758362337,-0.4188764442959414,7.082356929278033e-20,True,-0.516493972549641,4.83418251233421e-06
Upf2,ENSMUSG00000043241.14,0.2710546389237246,0.0269040378158908,0.21832272480457865,0.3237865530428706,7.082356929278033e-20,True,0.263035858427864,5.00936655763442e-06
